usuario_id,nombre,apellido,email,telefono
1,Juan,Cantón,llopisjose-ignacio@example.org,+34843181960
2,Amor,Bueno,joanvazquez@example.net,+34738 386 379
3,Leopoldo,Agudo,joserocamora@example.com,+34 886 23 51 16
4,Cleto,Palomar,elisabet40@example.net,+34 974 81 61 84
5,Paula,Pardo,juliebanos@example.org,+34877 41 31 64
6,Wilfredo,Patiño,raimundopadilla@example.org,+34884 192 832
7,Óscar,Pino,angela83@example.net,+34 921 03 05 64
8,Blas,Galván,iban76@example.net,+34 974242388
9,Juan José,Romero,oparedes@example.org,+34982 71 01 22
10,Mónica,Roca,plazarico@example.net,+34975 84 80 18
11,Maricela,Lasa,dani46@example.org,+34 973 04 82 81
12,Sabina,Martín,ezequielpereira@example.org,+34 988 809 570
13,Dani,Parejo,jose03@example.net,+34 822 17 18 22
14,Georgina,Talavera,juan-manuelalamo@example.net,+34 949383465
15,Urbano,Villar,pcarrillo@example.org,+34815 09 83 93
16,Adrián,Belda,granadosborja@example.org,+34 922 18 34 73
17,Calista,Catalán,yherrero@example.com,+34 946 31 16 56
18,Segismundo,Solera,cabellobenjamin@example.com,+34923 13 33 87
19,Enrique,Roca,leonsevillano@example.org,+34821 78 10 80
20,Ciro,Guzmán,santostorralba@example.com,+34 875 60 26 06
21,Juan Manuel,Sanz,teo87@example.org,+34 871 43 09 80
22,Mariana,Mir,ayllondaniela@example.com,+34981820812
23,Bruno,Bayo,sanchocarretero@example.net,+34 881 990 916
24,Gema,Yáñez,juan-carlos35@example.org,+34 884624751
25,Agapito,Sedano,beltranbrigida@example.org,+34 982 42 51 35
26,Lucas,Cruz,nmate@example.net,+34 986084124
27,David,Campo,lalolujan@example.net,+34874 53 48 74
28,Vicenta,Azcona,rodapaula@example.com,+34803 052 427
29,Carmen,Roma,caparroscarlos@example.net,+34 845 80 59 82
30,Tito,Castell,mendezpanfilo@example.org,+34 927 331 586
31,Estela,Cortes,rosauracamara@example.org,+34 947 02 56 34
32,Feliciano,Campoy,earias@example.org,+34 873 754 330
33,Georgina,Ferrando,rmoya@example.org,+34886 586 850
34,David,Julián,custodialara@example.org,+34827 965 569
35,Ariadna,Carlos,qfalcon@example.org,+34 960 88 35 61
36,Graciana,Murillo,gracia14@example.net,+34902656482
37,Gregorio,Rivero,ndavila@example.net,+34 901 68 04 43
38,Tito,Montserrat,csala@example.net,+34 875 87 21 48
39,Gracia,Naranjo,gutierrezhortensia@example.com,+34 877 32 00 37
40,Emiliana,Beltran,oribas@example.net,+34 872676320
41,Teodora,Campillo,lgilabert@example.net,+34 984 70 83 17
42,Eliseo,Sobrino,marisol79@example.net,+34 982 687 277
43,Juan Antonio,Huertas,maria-dolores87@example.net,+34879471434
44,Nico,Montenegro,chaconeutropio@example.org,+34 942 23 16 65
45,Candela,Solano,nbarrios@example.com,+34 943 90 96 70
46,Pastor,Martín,irius@example.net,+34876 734 670
47,Roque,Navarrete,ddalmau@example.org,+34 987 069 901
48,Fernanda,Romero,roxanaserrano@example.org,+34806 465 375
49,Nicolás,Pinilla,marina64@example.org,+34 976080531
50,Mercedes,Arjona,huertasheraclio@example.org,+34 846 327 193
51,Adela,Jaén,florencio99@example.net,+34828 241 904
52,Coral,Perez,efiol@example.net,+34 880 14 91 90
53,Ovidio,Romero,bruno85@example.org,+34948716572
54,Trinidad,Echeverría,encarnacion87@example.com,+34 969 45 31 47
55,Jose Francisco,Sobrino,bnavarrete@example.com,+34 921 27 35 45
56,Lino,Llorente,villanuevagraciano@example.org,+34 880678377
57,Victorino,Alemany,mariscalismael@example.com,+34880 495 788
58,Omar,Roig,pastor74@example.com,+34881 31 35 18
59,María Belén,Esteve,inocenciotome@example.com,+34985 941 343
60,Poncio,Escobar,alberto82@example.com,+34803084271
61,Salud,Alberola,adora77@example.com,+34 860 47 11 67
62,Candelario,Baeza,eustaquiomateu@example.org,+34 881 18 69 99
63,Jaime,Yáñez,csanjuan@example.com,+34 954990913
64,Eufemia,Galván,gertrudis12@example.org,+34849 812 067
65,Jennifer,Soriano,anacleto34@example.net,+34 887713493
66,Teodoro,Cardona,floracompany@example.com,+34 844102499
67,África,Malo,dcasanova@example.net,+34901 64 88 77
68,Cecilio,Ariño,mmora@example.com,+34 731 39 90 49
69,Apolinar,Díez,pvillena@example.com,+34 886 29 67 17
70,Pablo,Real,miguel-angel12@example.com,+34 947746807
71,Chus,Miranda,moises16@example.net,+34 687603859
72,Maristela,Valentín,naznar@example.com,+34 842 47 71 09
73,Nerea,Heras,mariaalcala@example.net,+34946 131 712
74,Andrea,Manzanares,severo77@example.org,+34973 82 63 98
75,Margarita,Cerezo,llorentemaria-teresa@example.com,+34 924 840 449
76,Cruz,Tovar,victorianotome@example.com,+34922886753
77,José,Haro,xguillen@example.com,+34 803 57 66 27
78,Angelino,Cases,ruth17@example.org,+34985702621
79,Adora,Landa,estrella61@example.com,+34 987 657 809
80,Bruno,Guitart,javi16@example.org,+34 826 724 005
81,Natividad,Barba,plinio56@example.org,+34880869222
82,Cayetano,Piñeiro,anastasiaclemente@example.org,+34974474074
83,Inés,Cruz,salaonofre@example.net,+34 901 647 436
84,Reyna,Tomas,galvezrico@example.net,+34 927944064
85,Adán,Avilés,xmacias@example.org,+34 926 339 421
86,Vera,Ariza,modesta70@example.net,+34 928214562
87,Herberto,Catalán,bernarda84@example.org,+34882 74 51 71
88,Epifanio,Gonzalez,fpaz@example.com,+34 714 81 75 49
89,Rico,Pera,guillenadriana@example.org,+34921 93 17 46
90,Demetrio,Chaves,arcosmarco@example.com,+34828138267
91,Raimundo,Rius,soniaribera@example.net,+34825 79 64 05
92,Isaac,Salcedo,xguzman@example.org,+34928850643
93,Donato,Sanz,garayfelisa@example.net,+34720 532 931
94,Paula,Galan,odalisguijarro@example.com,+34 845904228
95,Josué,Díaz,amigoeleuterio@example.org,+34 927 395 024
96,Baldomero,Castañeda,hzorrilla@example.net,+34817 75 89 17
97,Anita,Giralt,vazquezmarcial@example.com,+34 740766177
98,Candelario,Berrocal,ema21@example.org,+34885 99 85 69
99,Bernarda,Mariño,mvega@example.com,+34825 18 36 73
100,Severiano,Nicolau,apujadas@example.net,+34 825565452
101,Jacinta,Sánchez,boupaz@example.org,+34824 61 52 80
102,Delia,Murcia,reigpaulino@example.net,+34 949049451
103,Crescencia,Vera,fabiantoledo@example.org,+34 827 58 51 49
104,Jaime,Romeu,lastraambrosio@example.org,+34885 455 022
105,Clarisa,Pérez,cifuentesmanu@example.net,+34 741836675
106,Fausto,Pelayo,lorena59@example.net,+34 823 02 29 01
107,Lalo,Salazar,mtorralba@example.com,+34947438156
108,Dan,Luque,qaguila@example.com,+34803369003
109,Marcial,Galván,maria-cristinajaume@example.com,+34921 10 76 22
110,Ricardo,Grau,calixto60@example.com,+34 727159696
111,Leire,Rios,dario60@example.com,+34 849975161
112,Jose Francisco,Ruano,fzamora@example.com,+34902 53 52 18
113,Evita,Carbonell,vicentaolmedo@example.com,+34 845312432
114,Eligia,Coronado,elorzamaria-teresa@example.net,+34 980799799
115,Mohamed,Molina,valeriobayo@example.com,+34 971 44 90 58
116,Candelario,Menéndez,csans@example.org,+34928 41 19 98
117,Rodrigo,Sevillano,sandovalvioleta@example.net,+34 871 597 820
118,Virgilio,Calderón,lidia18@example.net,+34 849 03 77 88
119,Emilia,Cuenca,ramon46@example.com,+34923905151
120,Celestina,Pomares,jose-antonio92@example.com,+34822 92 54 62
121,Dulce,Blazquez,celia65@example.org,+34985 16 85 05
122,Martin,Escribano,nestortorre@example.org,+34877 221 418
123,María Manuela,Zurita,navarrosarita@example.net,+34 842 96 22 29
124,Nydia,Daza,aarranz@example.com,+34879 794 738
125,Jorge,Mendoza,xferrera@example.net,+34 971746886
126,Felix,Flores,saludibanez@example.org,+34 978 581 814
127,Celso,Cueto,vinicio82@example.com,+34824 375 060
128,Ruy,Vallés,jonatan61@example.com,+34 877051522
129,Antonio,Madrid,wchamorro@example.net,+34 976 790 104
130,Ildefonso,Conde,xcantero@example.com,+34879 410 369
131,Zacarías,Barros,valeroedelmira@example.net,+34718932460
132,Encarnacion,Osorio,concepcionriera@example.org,+34823 851 888
133,Miriam,Vera,porterosamanta@example.com,+34 803 65 40 51
134,Onofre,Hernando,marquezeliseo@example.org,+34 926 852 772
135,Obdulia,Cepeda,secoangelino@example.com,+34 873 03 05 48
136,Rómulo,Sáenz,angelino34@example.com,+34 806 541 566
137,Mar,Sabater,lnicolau@example.com,+34980 58 41 61
138,Tito,Escribano,miguel-angel11@example.com,+34 900 47 96 27
139,Pascual,Salvador,osorioencarnacion@example.com,+34885 01 65 82
140,Américo,Clavero,iarana@example.org,+34 879556909
141,Fabio,Sandoval,ramiro71@example.net,+34 843 85 65 43
142,Danilo,Amo,angelinavillaverde@example.com,+34 834 473 947
143,Heraclio,Casado,reynabenavent@example.com,+34 849 71 55 18
144,Candela,Manrique,renata22@example.com,+34982313237
145,Amancio,Paniagua,adelia82@example.net,+34823146786
146,María José,Recio,casaresmaximiliano@example.net,+34821 778 528
147,Felicidad,Espada,toribiovalverde@example.org,+34 841824225
148,Leire,Gomis,aurelia41@example.com,+34872 842 498
149,Ciro,Valverde,doracorrea@example.org,+34923 900 109
150,Juan Manuel,Galvez,fanglada@example.net,+34 888 47 36 47
151,Camilo,Barreda,valerioricart@example.com,+34 975359255
152,Macarena,Ojeda,wcastrillo@example.com,+34983 81 53 71
153,Juanito,Sancho,epifaniocaballero@example.org,+34888 696 325
154,Crescencia,Milla,maria-carmencuervo@example.com,+34983 77 47 01
155,Rubén,Vega,nhernando@example.net,+34 926004797
156,Lucho,Aguiló,rosaeloy@example.com,+34 928 65 06 09
157,Chita,Ferreras,carolina41@example.com,+34 982 784 991
158,Eduardo,Caballero,yperea@example.com,+34 928 23 98 68
159,Apolinar,Arrieta,cerroleyre@example.com,+34976 87 29 82
160,Nacio,Montalbán,rubenmartinez@example.net,+34 923 88 87 94
161,Aitana,Alegria,natanael16@example.net,+34902 097 499
162,Javier,Aznar,hdonaire@example.net,+34941 23 09 13
163,Alejo,Sainz,silvio26@example.net,+34873689702
164,Aurelia,Galan,gloria78@example.com,+34912 785 854
165,Emilia,Tomé,jose-manuellorenzo@example.net,+34900 34 43 75
166,Alexandra,Oller,lucio19@example.net,+34988665240
167,Lucio,Bermúdez,ambar74@example.net,+34977338484
168,Emigdio,Canales,jose-carlosayuso@example.net,+34986 330 165
169,Liliana,Sureda,cervantesadelardo@example.net,+34846 67 73 45
170,Lucho,Barranco,guerrabienvenida@example.net,+34 800 26 20 67
171,Gilberto,Mancebo,agullomarc@example.net,+34 827547887
172,Tamara,Cañete,mllamas@example.org,+34 922 27 42 05
173,Morena,Marquez,gabinoramirez@example.com,+34983 51 61 22
174,Albina,Morales,adolfojulian@example.com,+34 879745499
175,Aitor,Jurado,jimena30@example.net,+34 837426841
176,Feliciana,Marquez,encarnacion33@example.org,+34977 279 568
177,Ximena,Sotelo,maria-belenhuertas@example.net,+34822 87 85 19
178,Dani,Barrio,constanzaconde@example.org,+34921 87 13 97
179,Ciriaco,Vicens,dbaquero@example.org,+34983 679 087
180,Hortensia,Mendez,priegojose-manuel@example.org,+34 876910651
181,Camila,Barrena,suarezamilcar@example.com,+34946226567
182,Ruth,Pina,rbernat@example.net,+34 988 251 286
183,Benigna,Castejón,perlitaacevedo@example.org,+34900 78 68 63
184,Jose Miguel,Serna,fabian43@example.net,+34 828069033
185,Bonifacio,Cabrero,salomelba@example.net,+34 806306738
186,Isaac,Barbero,anitamancebo@example.org,+34 920 99 53 42
187,Gertrudis,Vázquez,severianomas@example.com,+34 818 92 68 70
188,Omar,Piquer,josefina66@example.org,+34 901628733
189,Marcelo,Cobos,jbarco@example.com,+34 948 882 634
190,Herminio,Murillo,sandovalrebeca@example.com,+34824830469
191,Elisa,Ariza,fabranilda@example.net,+34 876 735 403
192,Goyo,Carpio,sherrera@example.net,+34873 63 85 46
193,Adelaida,Palomar,juan-carlos58@example.com,+34975 175 355
194,Severiano,Arroyo,manuelacoello@example.org,+34883 899 642
195,Gustavo,Murcia,reynaldohoyos@example.com,+34923 477 725
196,Fortunato,Chaves,iespejo@example.net,+34 818 010 062
197,Purificación,Guardia,corbachoagapito@example.org,+34 982750997
198,Georgina,Torrents,agudobernardita@example.net,+34 947008484
199,Ale,Vallés,gescobar@example.org,+34 985 23 39 84
200,Ofelia,Pablo,natalia61@example.com,+34 946793341
201,Francisca,Angulo,ramirezreynaldo@example.com,+34 977002176
202,Filomena,Muñoz,alvarezzaira@example.org,+34 878397401
203,Isaura,Lozano,escobarursula@example.com,+34713926142
204,Cintia,Hernandez,ymarmol@example.net,+34843 18 50 16
205,Jesús,Benitez,elodia99@example.com,+34921047735
206,Carolina,Perez,restevez@example.net,+34941 19 43 11
207,Julio,Correa,vcorrea@example.com,+34 920 511 047
208,Plácido,Lerma,cazorlachucho@example.org,+34957 888 610
209,Chuy,Otero,moratarosario@example.com,+34 714 661 839
210,Azahar,Doménech,idomenech@example.com,+34 901 47 21 26
211,Leoncio,Robledo,alondra15@example.com,+34 881 799 371
212,Elpidio,Mayo,priegonazaret@example.net,+34941 57 56 92
213,Marcelo,Montes,alejandramiralles@example.org,+34944 54 79 35
214,Renato,Lozano,hpatino@example.net,+34 873 982 807
215,Leandra,Gallego,smanuel@example.org,+34946724342
216,Ligia,Rocha,cbenavent@example.net,+34977968868
217,Angelino,Palomares,canalesmaria-jose@example.org,+34926 290 965
218,Natividad,Ros,alarconclimaco@example.com,+34876 88 89 93
219,Victor Manuel,Perelló,xsierra@example.net,+34 981 25 07 14
220,Severo,Boada,cifuentespablo@example.com,+34924 738 757
221,Cleto,Ríos,emontana@example.com,+34803 105 123
222,Ascensión,Díaz,natalioroldan@example.com,+34878 622 660
223,Malena,Figueroa,yroman@example.org,+34875 341 918
224,Glauco,Paz,haroldo71@example.com,+34979 859 696
225,Diana,Carbonell,pastor79@example.org,+34900991251
226,Jorge,Mayoral,espanaraul@example.net,+34 844 866 929
227,Rodolfo,Rocha,amandaduran@example.net,+34 848 74 22 57
228,Estefanía,Baeza,agapito72@example.org,+34942 887 676
229,Leocadia,Saldaña,fdiego@example.net,+34 743404384
230,Florentino,Sebastián,hvicente@example.net,+34 828 48 58 07
231,Carina,Gil,vcalatayud@example.net,+34 881407451
232,Valentín,Carpio,hugoorozco@example.net,+34 952 923 309
233,Pascual,Lucas,moisesmarco@example.com,+34884 812 604
234,Roxana,Castañeda,josepcoll@example.net,+34920 36 72 94
235,Eulalia,Ribas,esans@example.net,+34824 68 45 77
236,Nacio,Acedo,sedanofabiola@example.net,+34 927 186 363
237,Ana Belén,Ledesma,patricia45@example.net,+34 842975001
238,Eugenia,Segura,casanovaursula@example.org,+34 971706324
239,Federico,Lledó,palomojosue@example.org,+34 932 06 43 61
240,Juliana,Bustamante,garciaalbina@example.org,+34842 938 700
241,Josefa,Nuñez,rocajoaquina@example.org,+34977 136 111
242,Matías,Pedrero,emigdio62@example.net,+34 844 18 90 92
243,Valerio,Ortega,eusebiacordero@example.com,+34971 311 219
244,Luna,Plana,timoteo52@example.org,+34 886138999
245,Lucas,Amor,hernan89@example.net,+34 871640376
246,Daniel,Hernando,hbelda@example.org,+34927 526 965
247,Carina,Duque,bbeltran@example.net,+34820 043 006
248,Antonia,Macías,sroda@example.com,+34 823 889 241
249,Martín,Bermúdez,nuriacortes@example.net,+34921691463
250,Bautista,Hidalgo,roviradavid@example.com,+34 807 42 10 20
251,Fernando,Valderrama,azeneth84@example.org,+34 932 41 05 64
252,Azucena,Bartolomé,leticia91@example.com,+34973850792
253,Quirino,Criado,maria-teresa19@example.net,+34828380003
254,Arturo,Suarez,rodolfo22@example.org,+34948 353 654
255,Paola,Bermejo,dimas80@example.org,+34 877 806 174
256,María Ángeles,Mercader,chema87@example.org,+34928 34 94 93
257,Abril,Pedrosa,uferran@example.net,+34880 20 60 38
258,Osvaldo,Agustí,abel64@example.org,+34 874 836 702
259,Leonor,Losada,arranzafrica@example.org,+34984657191
260,Anselma,Cañellas,lbenavides@example.net,+34816 234 456
261,Juanita,Morera,victor43@example.org,+34873 291 212
262,Vinicio,Solano,santos18@example.com,+34 874 74 74 11
263,Fausto,Mayo,garridopetrona@example.com,+34 845135680
264,Inés,Martínez,oriana20@example.com,+34 973883171
265,Nilda,Chaves,alberobernabe@example.org,+34 842365199
266,Juan Antonio,Benavides,baronhector@example.net,+34971215107
267,Aureliano,Diéguez,fprat@example.org,+34 942625324
268,Lino,Salmerón,andreshoyos@example.net,+34 900 76 87 01
269,Lino,Piñol,simonflores@example.net,+34985380657
270,Candelas,Tormo,ximena98@example.com,+34 943420593
271,Amor,Lucas,suarezbenita@example.com,+34878213348
272,Olalla,Barba,coralpont@example.com,+34849 239 559
273,Amaro,Ortiz,chusfabra@example.com,+34988 427 010
274,Joan,Gilabert,zuritaale@example.org,+34922 932 525
275,Benigno,Almeida,deliacifuentes@example.org,+34985515691
276,Nicodemo,Matas,elias26@example.net,+34 979 528 953
277,Graciela,Echevarría,umelero@example.net,+34 900220969
278,Anacleto,Espada,africa93@example.net,+34826725135
279,Miguel,Diez,narvaezvictoriano@example.org,+34 884331541
280,Lola,Abella,polourbano@example.net,+34948 267 658
281,Remigio,Cadenas,kgomis@example.com,+34821 040 541
282,Candelario,Nogués,susanitaperez@example.org,+34821815997
283,Julie,Anguita,mcozar@example.com,+34846015336
284,Josefina,Lara,manuel31@example.org,+34 944 987 205
285,Abraham,Roma,marinopalmira@example.net,+34977 31 03 24
286,Ceferino,Sáenz,mendezmilagros@example.com,+34 976 74 18 62
287,Raimundo,Pizarro,glauco70@example.com,+34 971 743 490
288,Eutropio,Caballero,nuneznuria@example.net,+34947 938 068
289,Silvio,Taboada,albamartinez@example.org,+34 944 08 98 99
290,Eugenio,Carreño,kduran@example.org,+34871 20 61 63
291,Pacífica,Coloma,miguel11@example.com,+34944854870
292,Miriam,Yáñez,acapdevila@example.org,+34 845999119
293,Melisa,Cabrero,rufina85@example.com,+34 884 679 970
294,Francisco Jose,Llorens,ncobo@example.net,+34945 065 307
295,Zoraida,Leiva,alex54@example.com,+34886 71 32 47
296,María Ángeles,Montesinos,luisina69@example.net,+34 824373678
297,Rufina,Pereira,villalbamaxima@example.org,+34 820486289
298,Ambrosio,Durán,sarafont@example.org,+34881 070 534
299,Rafa,Simó,rcasals@example.org,+34 880579727
300,Delia,Olmo,fernando41@example.com,+34736029333
301,Inés,Gabaldón,florinda68@example.org,+34707 229 034
302,Ema,Mayoral,teo65@example.com,+34 882 374 896
303,Daniela,Calatayud,vidalgloria@example.com,+34 887417154
304,Felicidad,Morcillo,juan-carlos43@example.org,+34 984309652
305,Lorena,Amigó,qmarques@example.com,+34 946 609 935
306,Lucila,Girón,gpalmer@example.com,+34 849 824 172
307,Manu,Jordán,irmanarvaez@example.net,+34 824353465
308,Ramiro,Juliá,abigail17@example.org,+34 821 738 168
309,Marc,Reyes,contrerasemigdio@example.org,+34 924 69 72 52
310,Melania,Berrocal,omendez@example.org,+34 910 07 43 29
311,María Cristina,Cuadrado,iborja@example.net,+34 966 667 600
312,Bibiana,Flores,alberto58@example.org,+34 720 335 421
313,Rodolfo,Vaquero,florencio10@example.com,+34888 789 856
314,Susanita,Cañete,valeria75@example.org,+34 848 603 323
315,Macarena,Almeida,duiliopazos@example.net,+34 800 64 89 09
316,Atilio,Campoy,asensiojenny@example.org,+34 948 761 847
317,Judith,Coronado,jordanaagusti@example.com,+34948184992
318,Silvio,Calvo,lumbrerasdanilo@example.org,+34980 39 34 83
319,Pepito,Redondo,felipe08@example.com,+34 874 75 30 01
320,Victoria,Cano,fcompany@example.net,+34821143744
321,Abril,Ayllón,diazsandra@example.org,+34888 556 110
322,Agapito,Chacón,nandopallares@example.com,+34884155216
323,Salomón,Sastre,petrona67@example.com,+34 848 12 02 16
324,Viviana,Tolosa,nescudero@example.com,+34 927902771
325,Susana,Reina,earteaga@example.com,+34910 899 358
326,Azeneth,Bustos,eibarra@example.com,+34942289002
327,Anselma,Soria,edalmau@example.com,+34920354083
328,Carmelita,Pinedo,fgutierrez@example.com,+34971971775
329,Diego,Valencia,calderonsancho@example.com,+34 800 880 199
330,Febe,Mayo,fatimasastre@example.com,+34 928 037 589
331,Eli,Suárez,lilia71@example.org,+34876 05 54 88
332,Raúl,Camino,cordobaamerica@example.org,+34946 14 93 31
333,Reyes,Pozo,zacariasfarre@example.net,+34923160917
334,Zacarías,Varela,andreaacosta@example.net,+34 806869782
335,Jesusa,Durán,cristobalponce@example.net,+34920 86 69 34
336,Rómulo,Novoa,victor22@example.com,+34 983 48 58 33
337,Hugo,Manso,africa22@example.net,+34988 515 879
338,Concepción,Rincón,saturnina60@example.net,+34 827062003
339,Juanito,Cuevas,isabela42@example.org,+34 900 38 05 71
340,Encarnación,Gomez,ggamez@example.net,+34 888 066 658
341,Baltasar,Alberto,hermenegildo97@example.org,+34928989334
342,Vidal,Elías,estevezfulgencio@example.net,+34983160648
343,Juan Luis,Castillo,danielajara@example.org,+34 922 72 02 59
344,Aurelio,Mascaró,epalma@example.net,+34 920832818
345,Feliciano,Ricart,wbriones@example.org,+34 875 55 54 39
346,Bernarda,Taboada,carboguiomar@example.com,+34 972 399 305
347,Rico,Carballo,ijerez@example.net,+34 887085887
348,Amanda,Arranz,tomasa35@example.net,+34 823 128 801
349,Humberto,Garcés,ncalleja@example.net,+34 961207501
350,Candelario,Ballester,narcisainfante@example.net,+34 821 934 667
351,Eva María,Quiroga,bmolina@example.com,+34 838091901
352,Pepito,Valverde,manjonmiriam@example.net,+34 901 91 47 66
353,Paca,Anguita,icrespi@example.org,+34 843684245
354,Aitor,Cid,arnaizadelardo@example.net,+34 944881435
355,Héctor,Rey,felipeespejo@example.org,+34 882 312 908
356,Íñigo,Beltran,hilda14@example.org,+34872975523
357,Cornelio,López,ferrermaximino@example.com,+34972 59 49 29
358,Claudia,Pastor,tiburcio20@example.com,+34 881 364 525
359,Saturnina,Tena,wsalinas@example.com,+34 979 812 914
360,Rosa María,Chaves,juan-josebenito@example.net,+34821 08 09 96
361,María José,Garcia,juliacandelaria@example.net,+34976 256 394
362,Eloy,Sobrino,puenteprudencio@example.net,+34703928272
363,Gastón,Coll,cpalmer@example.org,+34 979314530
364,Guiomar,Gabaldón,roman77@example.org,+34800518449
365,Candelas,Dávila,xpinedo@example.net,+34 822846386
366,Patricio,Ochoa,mtoledo@example.org,+34981 272 318
367,Fernanda,Lucas,eutimioestevez@example.org,+34927913651
368,Alma,Tejero,lgalvez@example.org,+34 947 030 299
369,Felipe,Cañizares,colladobasilio@example.org,+34 883 286 990
370,Selena,Luque,gasconvidal@example.net,+34 976 72 36 92
371,Narcisa,Espada,florencio57@example.net,+34820366210
372,Hermenegildo,Yáñez,mconde@example.org,+34 857990881
373,Ciro,Toledo,valeriaabella@example.net,+34958 650 863
374,Nidia,Toledo,lordonez@example.net,+34825624731
375,Loreto,Real,gonzalo00@example.net,+34 985180635
376,Sebastian,Paredes,cortesteodosio@example.net,+34 882486959
377,Leoncio,Puerta,severianotolosa@example.org,+34 938874495
378,María Ángeles,Puig,ritacarrera@example.net,+34 878721386
379,Mireia,Nevado,cuevasroque@example.net,+34612 79 61 14
380,Iván,Peláez,arellanolourdes@example.com,+34 945 98 49 02
381,Felicidad,Urrutia,malarcon@example.net,+34 984 43 09 88
382,Jovita,Guardiola,ileanaaraujo@example.com,+34879021465
383,Haydée,Prats,hfonseca@example.org,+34820184895
384,Ovidio,Lloret,eloisaferreras@example.com,+34945 90 42 68
385,Custodio,Belmonte,noe18@example.com,+34987947697
386,María Luisa,Hervia,maura77@example.net,+34737141633
387,Nereida,Moles,hosuna@example.net,+34704 341 651
388,Casandra,Escalona,wmir@example.org,+34884 23 73 33
389,Salud,Lara,jenarofranco@example.org,+34926211179
390,Adolfo,Arnal,npera@example.com,+34 980 947 284
391,Rómulo,Girona,baltasarzaragoza@example.com,+34977 808 562
392,Zacarías,Carreño,smoles@example.org,+34 713 691 559
393,Rosalva,Jover,carlotajodar@example.org,+34884 79 55 27
394,Teobaldo,Galvez,xperales@example.com,+34886729293
395,Odalys,Cabo,nilda38@example.com,+34 942 322 702
396,Tadeo,Valero,teodoravillanueva@example.net,+34917 44 89 06
397,Conrado,Cárdenas,garrigaodalys@example.com,+34 977175455
398,Charo,Jiménez,alex61@example.com,+34872 99 82 45
399,Moreno,Vicens,fsalvador@example.com,+34887 72 25 69
400,Concha,Quiroga,bernadfelix@example.com,+34877 55 44 96
401,Kike,Salgado,mariana98@example.com,+34947 220 234
402,Mar,Bernal,flaviopuerta@example.org,+34 825178006
403,Azucena,Blanco,jaureguiesmeralda@example.org,+34 823 64 33 47
404,Eugenia,Cases,belendonaire@example.org,+34745 57 78 48
405,Victor,Cepeda,domitilasaura@example.net,+34 968845783
406,Noa,Borrás,xmena@example.com,+34 883 24 00 82
407,Omar,Madrid,saguirre@example.com,+34 977 40 64 93
408,Natividad,Aguilar,gonzalo68@example.com,+34 944 32 66 34
409,Cebrián,Roca,asuncionllabres@example.com,+34986463122
410,Luis Miguel,Cano,rsantamaria@example.net,+34979 35 02 08
411,Alfredo,Estevez,lujanjulio-cesar@example.org,+34960312073
412,Octavio,Rivera,mireia75@example.com,+34 745 12 04 61
413,Candelaria,Soriano,gregorioibanez@example.com,+34 711 367 303
414,Édgar,Burgos,ainaraporcel@example.net,+34 915208814
415,Alicia,Martín,poncioazorin@example.net,+34 876136502
416,Narcisa,Llorente,priegomontserrat@example.org,+34700 979 251
417,Jose Ramón,Criado,rbravo@example.net,+34923005281
418,Edgardo,Torrents,maximilianoolivera@example.com,+34871 06 52 40
419,Amada,Río,candela73@example.net,+34868 55 74 98
420,Felipe,Bayón,viniciomarques@example.com,+34 988 57 08 62
421,Sol,Alfonso,maura93@example.com,+34818638782
422,Emperatriz,Luna,sebastian51@example.org,+34 985102203
423,Custodio,Torralba,conradoanton@example.net,+34 943789940
424,Quique,Giner,albertoafrica@example.org,+34979 17 05 86
425,Paca,Peinado,larranagabenigna@example.org,+34 821 413 811
426,Luciana,Guardia,mfalco@example.net,+34 881 92 88 61
427,María Dolores,Palma,groldan@example.org,+34858685289
428,Venceslás,Ortuño,carmelita55@example.com,+34 955 93 98 36
429,María Dolores,Izquierdo,victor76@example.org,+34744 90 82 40
430,Marcelo,Girona,robertamiranda@example.org,+34 886 888 992
431,Ciríaco,Arellano,jpages@example.org,+34 884593344
432,Cirino,Pulido,macarenaberenguer@example.net,+34 921 72 79 19
433,Felisa,Mas,pizarrocayetano@example.org,+34 923 566 139
434,Íngrid,Alberdi,tbalaguer@example.net,+34 803 589 258
435,José,Giner,aurelianopozo@example.com,+34 982 136 462
436,Eligio,Navarrete,tamaritconcha@example.net,+34 806 86 41 68
437,Toño,Castrillo,aliciafiguerola@example.com,+34 944 93 89 83
438,Jose Carlos,Bellido,maxi65@example.net,+34 824166553
439,Miguel Ángel,Ocaña,mayolfortunato@example.com,+34 971 92 70 33
440,Isidora,Pereira,maritaboada@example.org,+34 807392405
441,Joaquina,Cantero,vinicio70@example.com,+34874833884
442,Carlota,Tomas,jordanaalfaro@example.com,+34985 04 20 43
443,Montserrat,Linares,solafatima@example.org,+34 820 64 51 04
444,Rufina,Pomares,ricardoverdugo@example.net,+34825 57 98 12
445,Heliodoro,Valle,calmeida@example.org,+34 986 45 76 20
446,Ovidio,Ortiz,eufemia43@example.net,+34 886 046 084
447,Jafet,Cordero,teofila62@example.org,+34 942893639
448,Ezequiel,Roldan,virginia95@example.com,+34988 232 983
449,Rosalía,Cervera,jennifer82@example.com,+34844925188
450,Loida,Carrasco,maximinocoello@example.net,+34 745 664 742
451,Melania,Expósito,catalagil@example.org,+34884 999 393
452,Jerónimo,Amo,cebrian72@example.net,+34 976 526 772
453,Fernando,Ferrando,anacletoreal@example.org,+34 885 633 312
454,Áurea,Saavedra,dmorcillo@example.org,+34949 60 96 56
455,Emma,Zapata,vinascesar@example.com,+34973 03 88 60
456,Celestina,Ponce,falcolupe@example.com,+34944 44 72 64
457,Emperatriz,Ballester,abigailsans@example.org,+34 981 12 98 26
458,Severiano,Morales,lamaya@example.com,+34 873 71 45 21
459,Ciriaco,Carbonell,fparejo@example.net,+34942 892 686
460,Armando,Donaire,clarisa22@example.org,+34850 644 742
461,Desiderio,Catalá,abrahamisern@example.org,+34 974778097
462,Jordán,Gaya,asantiago@example.com,+34822 990 384
463,Estefanía,Galiano,estebaneusebio@example.org,+34925 020 994
464,Natanael,Bonilla,canalessigfrido@example.org,+34847 499 982
465,Xavier,Palomino,buendiamaria-jesus@example.com,+34 921 561 681
466,Luís,Sotelo,domingollobet@example.com,+34985 68 33 90
467,César,Ángel,tomaslourdes@example.net,+34 888 695 489
468,Estrella,Otero,encarnacionvalderrama@example.net,+34980 72 93 43
469,Abel,Carrasco,solaeufemia@example.org,+34 874 96 60 55
470,Charo,Garay,fortunyjenny@example.com,+34 882 14 48 85
471,María Fernanda,Aguado,mingueznestor@example.com,+34732 35 57 70
472,Flavia,Cerdán,ocortes@example.com,+34987 576 084
473,Clara,Moles,galindocrescencia@example.net,+34922 512 405
474,Remigio,Daza,mexposito@example.org,+34902 504 617
475,Saturnina,Gámez,vito43@example.net,+34901 215 031
476,Vicente,Velasco,tolosaveronica@example.net,+34 846357845
477,Eric,Cabello,hernanarce@example.com,+34 943 810 409
478,Salomé,Bonet,adelia01@example.net,+34 910943533
479,Luciano,Lloret,maria-teresa71@example.com,+34 845 24 10 98
480,Aroa,Calatayud,candelaordonez@example.net,+34 920 42 49 32
481,Calisto,Merino,calixta70@example.org,+34737 01 60 16
482,Ruben,Escamilla,tpages@example.com,+34872817921
483,Odalis,Solís,sarmientomartin@example.net,+34 975 73 32 94
484,Ximena,Parra,sespanol@example.net,+34 922 57 70 17
485,Daniel,Ortega,kserra@example.com,+34 925 99 28 16
486,Olimpia,Campo,cayetana14@example.net,+34974696393
487,Carlota,Cuenca,eplana@example.com,+34874 966 958
488,Joaquina,Guzman,gloriabermejo@example.net,+34 979 199 758
489,Cleto,Salgado,marioramis@example.org,+34827 965 701
490,Isaac,Chamorro,colladogertrudis@example.org,+34 973846997
491,Gustavo,Fuster,marcelino94@example.com,+34924190986
492,Rebeca,Castell,bernabe58@example.org,+34 685 140 369
493,Rufino,Monreal,yramis@example.com,+34 875 272 386
494,Pía,Palomino,scorrea@example.net,+34 841 20 10 27
495,Gema,Rueda,cesarcervantes@example.net,+34947 79 69 27
496,Araceli,Rodrigo,wplanas@example.org,+34866909738
497,Julio César,Reig,anastasio09@example.com,+34928 19 71 28
498,Rosa María,Losa,fvillanueva@example.net,+34 824 371 894
499,Emperatriz,Baena,bienvenida07@example.com,+34 983 79 56 54
500,Luis Miguel,Diez,mateulucia@example.net,+34 883 07 92 90
